project,chapter,beat,hero,source_path,notes
sails,01_Vision,Impossible Ask,1,01-Projects Vault/C2M/M100-SAILS_Clipper_Ship/03_Design/2023.12.14 PRESENTATION SHEETS.pdf,hero candidate — concept presentation to C2M/Intuit
sails,01_Vision,Impossible Ask,0,01-Projects Vault/C2M/M100-SAILS_Clipper_Ship/08_3D/CLIPPER_OVERVIEW_double backboard concept sketch.3dm,3dm — needs render/screenshot for web
sails,01_Vision,Impossible Ask,0,01-Projects Vault/C2M/M100-SAILS_Clipper_Ship/07_Video/clipper_hull_5_1920px_.1.mov,hull concept animation
sails,02_Translation,Fork,1,01-Projects Vault/C2M/M100-SAILS_Clipper_Ship/03_Design/4in_5in_Mix_Yardarm_comparison.jpg,hero candidate — yardarm 4in/5in mix comparison
sails,02_Translation,Fork,0,01-Projects Vault/C2M/M100-SAILS_Clipper_Ship/03_Design/5in_All_Yardarm_comparison.jpg,yardarm all-5in alternative
sails,02_Translation,Fork,0,01-Projects Vault/C2M/M100-SAILS_Clipper_Ship/04_Drawings/CLIPPER_YARDARM 231117.PDF,yardarm rev 1 of 4 (231117→240214) — iteration timeline
sails,02_Translation,Fork,0,01-Projects Vault/C2M/M100-SAILS_Clipper_Ship/04_Drawings/CLIPPER_YARDARM 240214.PDF,yardarm final rev
sails,02_Translation,Fork,0,01-Projects Vault/C2M/M100-SAILS_Clipper_Ship/04_Drawings/clipper_50%.pdf,50% set
sails,02_Translation,Transfer,0,01-Projects Vault/C2M/M100-SAILS_Clipper_Ship/07_Video/clipper_spin_25percent.mov,model turntable
sails,02_Translation,Transfer,0,01-Projects Vault/C2M/M100-SAILS_Clipper_Ship/07_Video/360-spin_at_55inch_POV.mov,viewer-height POV spin
sails,03_Prototyping,Fork,0,01-Projects Vault/C2M/M100-SAILS_Clipper_Ship/08_3D/BOW-STUDY_01.3dmbak,bow study 1/5 — render as progression
sails,03_Prototyping,Fork,0,01-Projects Vault/C2M/M100-SAILS_Clipper_Ship/08_3D/BOW-STUDY_03.3dmbak,bow study 3/5
sails,03_Prototyping,Fork,0,01-Projects Vault/C2M/M100-SAILS_Clipper_Ship/08_3D/BOW-STUDY_05.3dmbak,bow study 5/5
sails,03_Prototyping,Fork,0,01-Projects Vault/C2M/M100-SAILS_Clipper_Ship/08_3D/cast ply backboard.3dmbak,rejected cast-ply backboard alternative — Fork cost
sails,03_Prototyping,Fork,0,01-Projects Vault/C2M/M100-SAILS_Clipper_Ship/08_3D/hull-05-VERSION-B.3dmbak,hull version B
sails,04_Fabrication,Irreversibility,1,01-Projects Vault/C2M/M100-SAILS_Clipper_Ship/04_Drawings/#4321 LCI Clipper Ship Concrete Rebar SD (F114).pdf,HERO — same-day anchor-bolt/rebar resolution artifact
sails,04_Fabrication,Irreversibility,0,01-Projects Vault/C2M/M100-SAILS_Clipper_Ship/04_Drawings/23111-0062 Clipper Ship - Baseplate Depression Set 2.7.2024.pdf,baseplate depression set
sails,04_Fabrication,Irreversibility,0,01-Projects Vault/C2M/M100-SAILS_Clipper_Ship/09_Submittals/Clipper Ship - Baseplate Depression Letter 2.7.2024.pdf,"engineer letter, same day"
sails,04_Fabrication,Irreversibility,0,01-Projects Vault/C2M/M100-SAILS_Clipper_Ship/09_Submittals/Clipper Ship Set Permit Resubmittal 12.20.2023.pdf,permit loop start
sails,04_Fabrication,Irreversibility,0,01-Projects Vault/C2M/M100-SAILS_Clipper_Ship/09_Submittals/Clipper Ship Set Permit Resubmittal 1.17.2024.pdf,permit loop close
sails,04_Fabrication,Irreversibility,0,01-Projects Vault/C2M/M100-SAILS_Clipper_Ship/09_Submittals/CLIPPER_BACKBOARD ALUM 240604 -for comment by  DCI.pdf,backboard alum for DCI comment
sails,04_Fabrication,Outcome,0,01-Projects Vault/C2M/M100-SAILS_Clipper_Ship/04_Drawings/Steel Detailing Updates 3.19.2024.pdf,steel detailing
sails,04_Fabrication,Outcome,1,01-Projects Vault/C2M/M100-SAILS_Clipper_Ship/06_Photos/clippers_bow_FAB_shop_lg.jpeg,hero candidate — bow in shop
sails,04_Fabrication,Outcome,0,01-Projects Vault/C2M/M100-SAILS_Clipper_Ship/06_Photos/clippers_bow_FAB.jpeg,
sails,04_Fabrication,Outcome,0,01-Projects Vault/C2M/M100-SAILS_Clipper_Ship/06_Photos/clippers_FAB_grinder_B_roll.jpeg,B-roll
sails,04_Fabrication,Outcome,0,01-Projects Vault/C2M/M100-SAILS_Clipper_Ship/06_Photos/clippers_mastFAB_QC.jpeg,mast QC
sails,04_Fabrication,Outcome,0,01-Projects Vault/C2M/M100-SAILS_Clipper_Ship/06_Photos/clippers_mast_16ft_section.jpeg,16ft mast section
sails,05_Logistics,Outcome,1,01-Projects Vault/C2M/M100-SAILS_Clipper_Ship/06_Photos/clippers_logistics_mast_loading.jpeg,hero candidate — mast loading
sails,07_Reveal,Outcome,1,01-Projects Vault/C2M/M100-SAILS_Clipper_Ship/06_Photos/clippers_3_masts_and_sky.jpeg,"hero candidate — installed, three masts"
dots,01_Vision,Impossible Ask,0,01-Projects Vault/C2M/M101-DOTS_Distance_of_the_Sun/04_Drawings/23111-0051 Origami Progress Set 1.31.2024.pdf,progress set — timeline visual
dots,02_Translation,Fork,1,01-Projects Vault/C2M/M101-DOTS_Distance_of_the_Sun/04_Drawings/DOTS-SECTION 01 240227.PDF,hero candidate — segmentation of 150ft form; full set SECTION 01–11 in 04_Drawings
dots,02_Translation,Fork,0,01-Projects Vault/C2M/M101-DOTS_Distance_of_the_Sun/04_Drawings/DOTS-SECTION 05 240229.PDF,section 5 of 11
dots,02_Translation,Fork,0,01-Projects Vault/C2M/M101-DOTS_Distance_of_the_Sun/04_Drawings/DOTS-SECTION 10-11 240306.PDF,sections 10-11 of 11
dots,02_Translation,Transfer,0,01-Projects Vault/C2M/M101-DOTS_Distance_of_the_Sun/08_3D/DOTS Model_2024.03.14-control model-Rhino_7.3dm,control model — needs render
dots,03_Prototyping,Fork,0,01-Projects Vault/C2M/M101-DOTS_Distance_of_the_Sun/04_Drawings/DOTS-01-MOCK UP 240226.PDF,mock-up section 01
dots,04_Fabrication,Irreversibility,1,01-Projects Vault/C2M/M101-DOTS_Distance_of_the_Sun/04_Drawings/DOTS-ASSEMBLY DETAILS 240126.PDF,hero candidate — assembly details
dots,04_Fabrication,Irreversibility,0,01-Projects Vault/C2M/M101-DOTS_Distance_of_the_Sun/04_Drawings/DOTS-RIGGING ASSEMBLY 231214.PDF,rigging assembly
dots,04_Fabrication,Irreversibility,0,01-Projects Vault/C2M/M101-DOTS_Distance_of_the_Sun/05_Specs/Hanger Load Map 2.7.2024.pdf,hanger load map (final)
dots,04_Fabrication,Irreversibility,0,01-Projects Vault/C2M/M101-DOTS_Distance_of_the_Sun/08_3D/DotS Hangers 2023-12-01_moved_cables.DXF,"hanger cable relocation — DXF, needs render"
